Marigold,Serene Lifespaces,Ulwe,1 BHK,Navi Mumbai
Bhaweshwar Heights,Anita Developers,Panvel,1 2 BHK,Navi Mumbai
Innovative Heights,Innovative Developers,Kharghar,2 4 BHK,Navi Mumbai
Green Villas,Karam Corp,Panvel,Residential Plot,Navi Mumbai
Kalash Avenue,Kalash Avenue,Panvel,1 2 BHK,Navi Mumbai
Nishigandha,Hiray Enterprises,Ulwe,1 2 BHK,Navi Mumbai
Krishna Villa,Palak Homes,Karanjade Village,1 BHK,Navi Mumbai
Sai Vedant,Shakti Enterprises,Khandeshwar,1 2 3 BHK,Navi Mumbai
Orchid Bliss,Sunny Builders and Developers,Ulwe,1 2 BHK,Navi Mumbai
Phoenix Heights,Vision Associates,Road Pali,2 BHK,Navi Mumbai
Rasayani Garden,Labh Buildtech Pvt. Ltd.,Panvel,1 2 BHK,Navi Mumbai
Imperial Residency,Imperial Enterprises,Ulwe,1 2 BHK,Navi Mumbai
Lakhanis Aura,Lakhan Builders Pvt. Ltd.,Ulwe,2 BHK,Navi Mumbai
Niharika Residency,Juhi Developers,Kharghar,2 BHK,Navi Mumbai
Geetanjali Jewel,Siddharth Developers,Kharghar,2 3 BHK,Navi Mumbai
Gamiraj Imperial,Kisna Enterprises,Karanjade Village,1 BHK,Navi Mumbai
Bhumika Residency,Juhi Developers,Kalamboli,2 BHK,Navi Mumbai
Sai Shrushti & Sai Drushti,Platinum Constructions,Ulwe,1 BHK,Navi Mumbai
Kalpataru Riverside,Kalpataru and Sharyans,Panvel,2 BHK,Navi Mumbai
Ocean Park,Ocean Associates,Ulwe,1 BHK,Navi Mumbai
Srishti Paradise,Srishti Developers,Ulwe,1 2 BHK,Navi Mumbai
Orchid Height,Sunny Developers,Ulwe,2 BHK,Navi Mumbai
Aramus,Shreeji Group,Ulwe,1 2 BHK,Navi Mumbai
Marathon Nexzone,Marathon Group,Panvel,2 BHK,Navi Mumbai
Hyde Park,Nisarg Group,Kharghar,2 3 BHK,Navi Mumbai
Fortune Calpso,Fortune Infra,Panvel,1 2 BHK,Navi Mumbai
Omkar Nest,Omkar Developers,Ulwe,1 BHK,Navi Mumbai
Hiranandani Palace Gardens Panvel,Hirco,Panvel,2 3 4 BHK,Navi Mumbai
Sai Villa,Platinum Group,Ulwe,1 2 BHK,Navi Mumbai
Bhumika Heights,Naman Home Makers Pvt. Ltd.,Kharghar,2 BHK,Navi Mumbai
Orchid Heights,Sunny Buildtech,Ulwe,2 BHK,Navi Mumbai
Avni Greens,Kalpesh Developer,Neral,Residential Plot,Navi Mumbai
Orchid Residency,Space Siddhi Home,Panvel,1 2 BHK,Navi Mumbai
La Riveria,Lakhan Builders Pvt. Ltd.,Panvel,1 2 3 BHK,Navi Mumbai
Neelkanth Majestic,Neelkanth Infracon,Road Pali,2 3 BHK,Navi Mumbai
Juhi Residency,Juhi Developers,Kamothe,2 BHK,Navi Mumbai
Balaji Kalash,Tirupati Balaji Builders & Developers,New Panvel,1 2 BHK,Navi Mumbai
Green Field,Shree Siddhi Developers,Panvel,1 2 BHK,Navi Mumbai
Ashtavinayak Gruhsankool,Karnala Infrastructure Projects Pvt. Ltd.,Panvel,1 2 3 BHK,Navi Mumbai
Sai Sangam,Platinum Constructions,Ulwe,1 2 BHK,Navi Mumbai
Krishna Villa,Palak Group Builders & Deveopers,Karanjade Village,1 BHK,Navi Mumbai
Monarch Greenscapes,Monarch Group,Panvel,1 2 3 4 BHK,Navi Mumbai
Krishna Residency,Palak Group Builders & Deveopers,Kamothe,1 BHK,Navi Mumbai
NRI Complex,Sunny Real Estate,Seawoods,2 3 4 BHK,Navi Mumbai
Proviso Cornor,Proviso Group,Ulwe,1 2 3 BHK,Navi Mumbai
La Riveria,Lakhanis,Panvel,1 2 3 BHK,Navi Mumbai
Marathon Nexzone,Marathon Group,Panvel,1 2 BHK,Navi Mumbai
Mogra Apartments,Hiray Enterprises,Ulwe,1 2 BHK,Navi Mumbai
Saarvi Orchid,Omkar Developers,Ulwe,1 BHK,Navi Mumbai
Palace Garden Panvel,Hirco,Panvel,3 BHK,Navi Mumbai
Intop Paradise,Sai Raj Developers,Kharghar,2 BHK,Navi Mumbai
Bhoomi,Bhoomi,Nerul,2 BHK,Navi Mumbai
Orchid Woods,Sunny Builders and Developers,Ulwe,2 BHK,Navi Mumbai
Green Earth Residency,Radhey Space Developer,Panvel,1 2 BHK,Navi Mumbai
Imperial Elite,Imperial Enterprises,Ulwe,1 2 BHK,Navi Mumbai
Neelkanth Bliss,Neelkanth Infracon,Ulwe,2 3 BHK,Navi Mumbai
Monarch Greenscapes,Monarch Universal,Panvel,1 2 3 4 BHK,Navi Mumbai
Neelkanth Vishwa,Bhagchand C. Khubchandani,New Panvel,1 2 BHK,Navi Mumbai
Shiv Apartment,Yogesh Construction,Karanjade Village,1 BHK,Navi Mumbai
Juhi Greens,Juhi Developers,Nerul,2 3 BHK,Navi Mumbai
Sai Aura,Platinum Constructions,Ulwe,1 2 BHK,Navi Mumbai
RSM Diamond,RSM Lifespaces LLP,Ulwe,2 BHK,Navi Mumbai
Aakash Residency,Aakash Group,Kamothe,1 BHK,Navi Mumbai
Monarch Imperial,Monarch Universal,Road Pali,1 2 BHK,Navi Mumbai
Sathi Enclave,Sunny Real Estate Consultants,Koper Khairane,1 BHK,Navi Mumbai
Palmbeach Residency,Wadhwa roup,Palm Beach,2 3 4 BHK,Navi Mumbai
