Raj Empire,Javin Constructions Pvt. Ltd.,Raj Nagar Extension,2 3 BHK,Ghaziabad
Ekdant Dronagiri,Ekdant Group,Vasundhara,2 3 BHK,Ghaziabad
Krishna Enclave,Krishna Infrahomes Pvt. Ltd.,Raj Nagar Extension,2 3 BHK,Ghaziabad
Vrinda City,ARK Group,Raj Nagar Extension,Residential Plot,Ghaziabad
New Friends Society,SKR Group,Govindpuram,Residential Plot,Ghaziabad
Gulmohar Garden,SVP Group,Raj Nagar Extension,2 3 BHK,Ghaziabad
MGI City,Bigmoon Buildcon Private Limited,Raj Nagar Extension,2 3 BHK,Ghaziabad
SG Grand,SG Estates Ltd.,Raj Nagar Extension,2 BHK,Ghaziabad
Golf Vista,Keltech Infrastructure Ltd.,Cross,3 BHK,Ghaziabad
Moti Residency,Techman Buildwell Private Limited,Raj Nagar Extension,1 2 3 BHK,Ghaziabad
Apple Height,ABCZ Builders Pvt. Ltd.,Raj Nagar Extension,2 3 BHK,Ghaziabad
Saya Zenith,Saya Group,Indirapuram,2 3 4 BHK,Ghaziabad
Olive County,ABA Builders Ltd.,Vasundhara,2 3 BHK,Ghaziabad
Krishna Aprameya Enclave,Krishna Infrahomes Pvt. Ltd.,Raj Nagar Extension,2 3 BHK,Ghaziabad
KW Srishti,K World Group Pvt. Ltd.,Raj Nagar Extension,2 3 BHK,Ghaziabad
KDP MGI City,KDP Buildwell Pvt. Ltd.,Raj Nagar Extension,2 3 BHK,Ghaziabad
Wave City,Uppal Chaddha Hightech Developers,NH-24,1 2 BHK,Ghaziabad
Upwan Residency,AKH Developer Pvt. Ltd.,NH-24,Residential Plot,Ghaziabad
Spanish Heights,Oxygen Infrastructures and Developers,NH - 24,2 3 BHK,Ghaziabad
Gulmohur Garden,SVP Builders India Ltd.,Raj Nagar Extension,2 3 BHK,Ghaziabad
Moti Residency,Techman Buildwell Private Limited,Raj Nagar Extension,1 2 3 BHK,Ghaziabad
KDP Grand Savana,KDP Infr Pvt Ltd., Raj Nagar Extension,2 3 BHK,Ghaziabad
Gulmohar Garden,SVP Group,Raj Nagar Extension,2 3 BHK,Ghaziabad
SG Grand,SG Estates Limited,Raj Nagar Extension,2 BHK,Ghaziabad
Divyansh Pratham,,Indirapuram,2 3 4 BHK,Ghaziabad
Fortune Residency,Vasu Infrastures Pvt ltd,Raj Nagar Extension,2 3 BHK,Ghaziabad
Wave City,Wave City,NH-24,1 2 BHK,Ghaziabad
Krishna Aparmeya Garden,Krishna Reality Pvt. Ltd.,Raj Nagar Extension,1 2 3 BHK,Ghaziabad
Metro Suites,Nandini Buildhome Consortium Pvt. Ltd.,Vaishali,2 3 BHK,Ghaziabad
Moti Residency,Techman Group Private Ltd.,Raj Nagar Extension,2 3 BHK,Ghaziabad
SG Grand,SG Estates Ltd.,Raj Nagar Extension,2 BHK,Ghaziabad
Skywalks,Value Infra Group,Raj Nagar Extension,2 3 BHK,Ghaziabad
Green Woods,Vasundhara,,2 3 BHK,Ghaziabad
3 Dimension,Krishna Assests Developers Pvt. Ltd.,Raj Nagar Extension,2 3 BHK,Ghaziabad
Red Apple Homez,Manju J Homes India Ltd.,Raj Nagar Extension,1 2 3 BHK,Ghaziabad
Spring View Heights,Sare Saamag Realty Pvt. Ltd.,NH - 24,2 3 BHK,Ghaziabad
K M Residency,K M Group,Raj Nagar Extension,2 3 BHK,Ghaziabad
The Park Residency,Idea Builder Pvt. Ltd.,Raj Nagar Extension,2 3 BHK,Ghaziabad
Apple Height,ABCZ Builders Pvt Ltd,Raj Nagar Extension,2 3 BHK,Ghaziabad
Madhuban Enclave,Ridhi Infratech Pvt. Ltd.,NH - 24,Residential Plot,Ghaziabad
Apple Height,ABCZ Builders Pvt. Ltd,Raj Nagar Extension,2 3 BHK,Ghaziabad
