Amrapali Zodiac,Amrapali Group,Sector-120,3 BHK,Noida
Jaypee Kasablanca,Jaypee Greens,Sector-128,4 BHK,Noida
RG Residency,RG Group,Sector-120,1 2 3 BHK,Noida
Gayatri Life,Madhuban Realtech Pvt. Ltd.,Noida Extension,2 3 BHK,Noida
ACE Aspire,ACE,Noida Extension,2 3 BHK,Noida
Mahagun Verona,Mahagun Group,Sector-78,2 3 BHK,Noida
Bankey Bihari Sharnam,Shyam Buildwell Pvt. Ltd.,Noida Extension,2 3 BHK,Noida
White Orchid,Townpark Buildcon Pvt. Ltd.,Noida Extension,2 3 BHK,Noida
Galaxy North Avene-2,Gaursons India Ltd.,Noida Extension,2 3 4 BHK,Noida
Apple Orchid,ABCZ Builders,Noida Extension,2 3 BHK,Noida
White Orchid,White House,Noida Extension,2 3 BHK,Noida
The Park,,Noida Extension,2 3 BHK,Noida
RG Luxury,RG Group,Noida Extension,2 3 BHK,Noida
Raj Residency-Noida Extension,Raj Residency,Noida Extension,2 3 4 BHK,Noida
Kumar Imperial Greens,Keltech Infrastructure Ltd.,Noida Extension,2 3 BHK,Noida
Unitech Unihomes 2,Unitech Group,Sector-117,2 3 BHK,Noida
Parx Laureate,Laureate Buildwell,Sector-108,3 4 BHK,Noida
Panchsheel Green-II,Panchsheel Buildtech Pvt. Ltd.,Noida Extension,2 3 BHK,Noida
Habitech Panchtatva,Habitech Infrastructure Ltd.,Noida Extension,2 3 BHK,Noida
JKG Palm Court,JKG Construction Pvt. Ltd.,Noida Extension,2 3 4 BHK,Noida
Rudra Aquacasa,Rudra Buildwell Pvt. Ltd.,Noida Extension,3 BHK,Noida
Panchsheel Pratishtha,Panchsheel Group,Sector-75,3 BHK,Noida
North Eye,Supertech Limited,Sector-74,2 3 4 BHK,Noida
Ritz Chateaux Villas,Supertech Limited,Sector-74,4 BHK,Noida
Sikka Kaamna Greens,Sikka Group,Sector-143,1 2 3 4 BHK,Noida
Pan Oasis,Pan Realtors,Sector-70,2 3 4 BHK,Noida
Mahagun Mywoods,Mahagun,Noida Extension,2 3 4 BHK,Noida
Panchsheel Green-II,Panchsheel Buildtech Pvt. Ltd.,DND Road,2 3 BHK,Noida
Amrapali Verona Heights,Amrapali,Noida Extension,2 3 4 BHK,Noida
Earth Gracia,Earth Infrastructure Limited,Noida Expressway,3 4 BHK,Noida
AVJ Ace City,Crest Promoters Pvt. Ltd.,Noida Extension,2 3 BHK,Noida
Garden Isles,Jaypee Greens,Sector-133,2 3 4 BHK,Noida
Elegant Ville,Elegant Infracon Pvt. Ltd.,Noida Extension,2 3 BHK,Noida
Sikka Karnam Greens,Sikka Group,Sector-143,1 2 3 4 BHK,Noida
Lotus Boulevard,The 3C Company,Sector-100,2 3 BHK,Noida
Sharanam,Great Value,Sector-107,2 3 4 BHK,Noida
Gaur City,Gaursons Promoters Pvt. Ltd.,Noida Extension,2 3 4 BHK,Noida
Amrapali Golf Homes,Amrapali Group,Noida Expressway,2 BHK,Noida
Habitech Panchtatva,Habitech Infrastructure Ltd.,Noida Extension,2 3 4 BHK,Noida
Galaxy North Avenue-2,Galaxy Dream Home Developers Pvt. Ltd.,Noida Extension,2 3 4 BHK,Noida
VVIP Homes,VVIP,Noida Extension,2 3 BHK,Noida
The Aranya,Unnati Fortune Group,Sector-119,2 3 4 BHK,Noida
Panchsheel Pratishtha,Panchsheel Group,Sector-75,3 BHK,Noida
Supernova,Supertech Limited,Sector-94,3 4 BHK,Noida
Amrapali Verona Heights,Shubham Projects Pvt. Ltd.,Noida Extension,2 3 4 BHK,Noida
Mahagun Mywoods,Mahagun Group,Noida Extension,2 3 4 BHK,Noida
AVJ ACE City,AVJ Group,Noida Extension,2 3 BHK,Noida
SHRI Radha SkyGardens,Shri Group,Noida Extension,2 3 BHK,Noida
Amrapali Verona Heights,Amrapali Group,Noida Extension,2 3 4 BHK,Noida
Todays Ridge Residency,Today Homes,Sector-135,2 3 BHK,Noida
Aishwaryam,Gaur City-2,Noida Extension,2 3 BHK,Noida
RG Luxury,Rajesh Projects India Pvt. Ltd.,Noida Extension,2 3 BHK,Noida
Kensington Park Apartment,Jaypee Greens,Sector-133,2 3 4 BHK,Noida
Earth Gracia,Earth Infrastructures,Noida Extension,3 BHK,Noida
NRI Residency,SDS Infratech Pvt. Ltd.,Sector-45,3 BHK,Noida
Sikka Karmic Greens,Sikka Group,Sector-78,1 2 3 BHK,Noida
Habitech Panchtatva,Red Carpet Developers Pvt. Ltd.,Noida Extension,1 2 3 4 BHK,Noida
Paras Tierea,Paras Developer,Noida Expressway,3 BHK,Noida
Sampriti,Civitech Developers Pvt. Ltd.,Sector-77,2 3 4 BHK,Noida
Xaviers 168,Urbtech Developers,Noida Expressway,1 2 3 4 BHK,Noida
Aditya Celebrity Homes,Aditya Builders & Developers,Sector-76,1 2 3 4 BHK,Noida
Casa Greens 1,Radhey Krishna Techno Build Pvt. Ltd.,Noida Extension,2 3 BHK,Noida
RG Luxury Home,RG Group,Noida Extension,2 3 BHK,Noida
Skytech Matrott,Skytech Group,Sector-76,2 3 4 BHK,Noida
